{"chunk_definitions":[{"row":15,"row_count":1,"visible":true,"expansion_state":0,"options":{"engine":"r","label":"setup","include":false},"document_id":"D9815107","chunk_id":"csetup_chunk","chunk_label":"setup"},{"row":22,"row_count":1,"visible":true,"expansion_state":0,"options":{"engine":"r","label":"import data","include":false},"document_id":"D9815107","chunk_id":"cwfxmbsjydgqs","chunk_label":"import data"}],"doc_write_time":1662291990,"working_dir":null,"default_chunk_options":{"echo":true}}