{"chunk_definitions":[{"row":15,"row_count":1,"visible":true,"expansion_state":0,"options":{"engine":"r","label":"setup","include":false},"document_id":"D9815107","chunk_id":"csetup_chunk","chunk_label":"setup"},{"row":154,"row_count":1,"visible":true,"expansion_state":0,"options":{"engine":"r","label":"correlation_matrx","echo":false},"document_id":"D9815107","chunk_id":"coznhk0ylplyo","chunk_label":"correlation_matrx"}],"doc_write_time":1662512237,"working_dir":null,"default_chunk_options":{"echo":true}}